Date ,Open ,High ,Low ,Close ,Shares Traded ,Turnover (? Cr)
01-Jan-21,11535.85,11594.85,11532.6,11574.85,2196136531,37078.27
04-Jan-21,11651.5,11703.25,11542.15,11691.8,3238422803,58243.99
05-Jan-21,11647.6,11780.8,11613.5,11767,2858312752,62437.46
06-Jan-21,11806.75,11817.1,11640.15,11737.9,3205480948,72306.74
07-Jan-21,11833.6,11834.4,11753.8,11766.1,2917179475,68027.09
08-Jan-21,11865.5,11940.45,11841.85,11925.6,2872214697,70912.11
11-Jan-21,12024.65,12024.65,11921.75,12006.5,2406296224,67129.53
12-Jan-21,12000.8,12083.7,11969.75,12058.35,3495364856,77259.12
13-Jan-21,12123,12133.4,11925,12041.1,3837512381,81235.23
14-Jan-21,12043.4,12081.55,11976.15,12069.5,2480285265,66898.02
15-Jan-21,12078.6,12100.85,11864.05,11931.2,3917209536,70925.19
18-Jan-21,11943.65,11948.2,11733.35,11776.2,2837637732,68505.23
19-Jan-21,11851.15,11993.3,11849.15,11981.85,2212472618,58850.48
20-Jan-21,12002.1,12092.05,11987.6,12078.35,2407564639,62345.33
21-Jan-21,12154.7,12167.95,11959.6,12015.95,2731312071,77392.53
22-Jan-21,12020.3,12053.1,11842.4,11854.5,3039832960,80443.11
25-Jan-21,11951.1,11968.4,11719.55,11743.7,2692961157,71357.07
27-Jan-21,11744.3,11744.3,11511.55,11546.35,2600763378,68325.45
28-Jan-21,11419.3,11503.2,11365.85,11442.55,2946474453,68536.56
29-Jan-21,11549.85,11568.9,11273.55,11302.4,2755193206,81015.99
01-Feb-21,11396.9,11806.45,11304,11770.15,3206044317,84261.66
02-Feb-21,11921.7,12102.6,11916.65,12053.25,3115606209,93755.74
03-Feb-21,12139.7,12234.7,12005.4,12174.05,3076713409,85394.64
04-Feb-21,12184.65,12297.55,12140.85,12285.85,3399706152,86049.57
05-Feb-21,12345.25,12386.25,12247.45,12279.85,3526707080,90707.5
08-Feb-21,12389.5,12469.3,12376.65,12441.3,2547801915,72771.16
09-Feb-21,12487.6,12545.45,12396.2,12434.2,2929109749,77437.76
10-Feb-21,12452.95,12490.45,12347.1,12452.45,2382581258,74942.94
11-Feb-21,12433.5,12522.45,12426.15,12514.1,2377558184,61968.81
12-Feb-21,12531.35,12571,12443.05,12508.55,2429004433,67132.57
15-Feb-21,12592,12648.7,12576.7,12632.05,2190272365,64069.92
16-Feb-21,12679.65,12724.55,12580.95,12647.2,2735370962,72223.05
17-Feb-21,12631.1,12669.85,12561.55,12597.45,3441423674,72214.73
18-Feb-21,12633.3,12655.4,12535.65,12565.7,3895779526,76252.99
19-Feb-21,12540.85,12592.5,12360.7,12438.8,4127496879,78774.5
22-Feb-21,12457.25,12471.65,12174.6,12212.55,2744803727,69475.12
23-Feb-21,12294.3,12356.45,12190.65,12263.7,2791764312,71585.98
24-Feb-21,12299.55,12470.2,12294.85,12455.2,1820862847,42589.87
25-Feb-21,12543.5,12615.4,12533.3,12567.85,3273662422,79703.83
26-Feb-21,12401.05,12449,12134.5,12181.4,4142697769,109138.34
01-Mar-21,12316.3,12395.8,12271.85,12368.3,2891251630,61715.18
02-Mar-21,12458.35,12548.2,12385.95,12519.4,2938298409,68999.03
03-Mar-21,12635.85,12781.85,12603.05,12764.8,2957966799,72981.56
04-Mar-21,12607.55,12771.1,12589.75,12688.85,3126112147,75056.1
05-Mar-21,12621.95,12697.05,12478.45,12539,2792554205,70212.48
08-Mar-21,12607.05,12682.55,12534.75,12558.95,2155684470,55054.02
09-Mar-21,12638.4,12679.65,12494.6,12617.2,2352080501,65364.08
10-Mar-21,12705.1,12722.6,12627.8,12691.35,1672894209,48878.51
12-Mar-21,12806.15,12816.15,12534.45,12593.9,2326915273,61401.39
15-Mar-21,12623.05,12624.3,12364.95,12510.15,2056747402,53137.8
16-Mar-21,12564.8,12601.05,12487.8,12512.7,1862226535,52664.38
17-Mar-21,12540.15,12546.55,12301.15,12319.9,1936540698,53994.72
18-Mar-21,12426.9,12449.85,12100.6,12174.45,2309132011,58593.43
19-Mar-21,12096.8,12342.3,11951.4,12314.5,3133136265,87306.66
22-Mar-21,12322.75,12360.45,12235.6,12338.6,1849339040,53789.96
23-Mar-21,12375.4,12462,12340.3,12417.3,1926922396,57635.9
24-Mar-21,12346.05,12390.6,12183.7,12197.2,1908995087,53495.21
25-Mar-21,12218.8,12221.55,11939,11993.3,2802712837,63726.51
26-Mar-21,12134.75,12191.95,12072.2,12148.9,2170641369,53189.01
30-Mar-21,12256,12404.25,12249,12387.9,2336893708,63039.57
31-Mar-21,12376.8,12376.8,12298.7,12313.7,2008833931,53428.44
01-Apr-21,12401.35,12492.55,12334.35,12479,2021172288,54655.32
05-Apr-21,12463.7,12466.25,12149.4,12298.6,2057526125,61651.48
06-Apr-21,12374.7,12422.85,12254.95,12358.1,1917914043,61222.5
07-Apr-21,12389.25,12510.7,12347.7,12481.3,1911252584,67793.48
08-Apr-21,12533.45,12624.25,12501.25,12541.65,2111913287,66804.75
09-Apr-21,12552.9,12591.95,12490,12527.4,2069618262,66230.36
12-Apr-21,12357.35,12361.4,11978.45,12024.1,2853601038,79803.24
13-Apr-21,12068.05,12201.55,12006.7,12186.7,2257222951,69260.28
15-Apr-21,12189.8,12248.9,12055.15,12237.6,2024986303,67074.86
16-Apr-21,12261.9,12358.55,12232.4,12298.05,1810544991,62695.56
19-Apr-21,12032.75,12094.55,11923.2,12076.45,1945295130,63782.02
20-Apr-21,12213.55,12232.85,11981.35,12055.4,1777906078,65408.94
22-Apr-21,11997.2,12147.5,11950.65,12132.05,1916024238,65923.2
23-Apr-21,12086.2,12199.4,12044.9,12105.6,1930597068,60796.55
26-Apr-21,12197.1,12263.6,12180.85,12216.85,1735708291,59768.26
27-Apr-21,12238.55,12374,12232.8,12362.55,1877031126,60504.3
28-Apr-21,12422.5,12537.05,12412,12517.95,1839783717,68348.98
29-Apr-21,12613.8,12659.4,12471.9,12532.8,2168487693,70290.87
30-Apr-21,12425.8,12524.1,12341.2,12364.35,2316126882,74470.43
03-May-21,12256.85,12419,12210.55,12395.25,2256217808,63640.27
04-May-21,12457.4,12487.15,12272.35,12300.45,3022137410,70935.12
05-May-21,12394.85,12426.95,12319.25,12413,2181353931,64500.97
06-May-21,12465.7,12514.1,12407.65,12501.9,2191078445,66827.88
07-May-21,12579.9,12600.15,12527.35,12563.1,2435019294,69579.21
10-May-21,12649.45,12685.8,12625.9,12669.9,2882079729,70856.54
11-May-21,12559.95,12675.2,12538.65,12642.25,3564743840,74642.65
12-May-21,12646.25,12646.95,12496.65,12537.95,4019085401,78524.82
14-May-21,12595.15,12595.35,12408.1,12472.15,2899284653,78785.73
17-May-21,12544.55,12683.8,12511.3,12672.1,2392678561,70091.85
18-May-21,12794.95,12855.6,12783.15,12839.1,2405078400,73238.28
19-May-21,12816.55,12882.5,12791.15,12809,2394147136,67445.58
20-May-21,12831.3,12854.65,12718.2,12736.45,2605400606,66420.25
21-May-21,12815.55,12929.05,12803.15,12917.85,2538873675,69247.44
24-May-21,12963,13003.6,12912.25,12962.45,2882282221,71147.71
25-May-21,13045.4,13046.15,12929.15,12963,2492182987,66290.17
26-May-21,13010,13043.85,12954.15,13022.2,2350393146,61306.73
27-May-21,13052.85,13091.35,13007.15,13066.25,3489793562,113147.86
28-May-21,13134.7,13160.35,13098.85,13117.05,2510755416,66964.62
31-May-21,13135.85,13244.4,13080.65,13226.35,2265613485,65470.27
01-Jun-21,13274.25,13292.4,13164.85,13210.4,2090101215,57748.29
02-Jun-21,13183.8,13290.7,13177.8,13274.25,2640938099,67649.08
03-Jun-21,13347.05,13392.75,13332,13380.5,2703707920,66817.65
04-Jun-21,13412.75,13433.6,13352.15,13393.9,3073781029,66385.49
07-Jun-21,13454.1,13498.3,13418.5,13479.65,3342703144,68114.08
08-Jun-21,13510.05,13513.05,13420.55,13496.55,2765882510,65971.98
09-Jun-21,13532.2,13569.75,13333.85,13396.4,3364690736,75642.56
10-Jun-21,13458.65,13524.85,13431.25,13517.2,2587040404,60361.37
11-Jun-21,13577.05,13601,13513.85,13563.85,2690887678,60782.83
14-Jun-21,13551.75,13565,13342.4,13554.15,2886671368,68327.79
15-Jun-21,13601.35,13634.35,13587.75,13607.8,2288096967,57941.46
16-Jun-21,13595.1,13621.65,13487.15,13510.6,2247315219,57685.75
17-Jun-21,13405.9,13520.9,13372.4,13425.15,2299073612,63158.73
18-Jun-21,13471.9,13474.95,13155.55,13386.55,3643105417,88605.41
21-Jun-21,13240.9,13468.8,13221.05,13456.1,2605848877,53661.41
22-Jun-21,13543.4,13589.65,13473.35,13491.1,2643719995,57648.96
23-Jun-21,13570.1,13570.2,13412.45,13423.35,2587101997,57257.29
24-Jun-21,13460.8,13486.75,13434.5,13468.25,1928526726,55307.22
25-Jun-21,13512.15,13549.1,13471,13539.4,2381374446,55701.55
28-Jun-21,13589.75,13589.85,13515.05,13533.05,2291881613,47878.33
29-Jun-21,13535.55,13567.8,13461.25,13481.95,2121753668,54035.18
30-Jun-21,13513.25,13552.95,13462.2,13473.55,2225442810,50622.76
01-Jul-21,13504.7,13505.05,13441.55,13454.1,2051043540,45774.33
02-Jul-21,13480.3,13506.1,13435.25,13494.45,1807176403,51592.52
05-Jul-21,13558.4,13593.5,13536.9,13585.75,1986517476,47617.14
06-Jul-21,13579.15,13661.9,13561.75,13574.15,2228290078,57235.09
07-Jul-21,13577.5,13644.45,13542.05,13631,1791166691,51218.9
08-Jul-21,13627.7,13660.85,13488.1,13532.7,1869770413,48147.66
09-Jul-21,13513.5,13545.65,13470.2,13527.95,1565534299,44766.74
12-Jul-21,13603.6,13620.15,13512.7,13549,1809425539,46644.61
13-Jul-21,13633.1,13635.55,13580.45,13628.85,1537130204,46487.8
14-Jul-21,13638.3,13678.8,13606.35,13661.1,1353870470,49268.75
15-Jul-21,13686.35,13738.6,13677.35,13720.35,1622455717,53743.55
16-Jul-21,13756.75,13761.1,13706.5,13742.35,2078937086,55661.88
19-Jul-21,13624.3,13693.35,13573.65,13619.85,2356465289,53110.52
20-Jul-21,13594.85,13614.75,13437.15,13495.6,1799075026,53438.44
22-Jul-21,13592.4,13678.95,13590.3,13670.2,2171789245,57314.59
23-Jul-21,13711.25,13728.4,13629.65,13687,2597135759,52167.58
26-Jul-21,13692.2,13731.1,13648.45,13675.1,1796617659,50549.89
27-Jul-21,13715.15,13740.9,13569.35,13610.3,1838503854,59056.91
28-Jul-21,13631.55,13631.55,13409.1,13579.15,2019384906,58034.77
29-Jul-21,13631.5,13668.9,13608.9,13643.75,2106240301,63057.64
30-Jul-21,13671.55,13739.7,13635.45,13664.25,2157998197,67848.1
02-Aug-21,13759.8,13789.9,13732.85,13783.7,1946413673,56706.78
03-Aug-21,13840.6,13950.25,13817.9,13939.2,2412772263,59571.47
04-Aug-21,13998.05,14045.05,13944.1,13969.35,3150952388,67736.4
05-Aug-21,14000.9,14003.1,13891.7,13981.55,3957455172,60441.22
06-Aug-21,13996.6,14029.8,13946.05,13954.65,2805276830,55850.76
09-Aug-21,13993.6,14007.55,13870.25,13935.05,2356923244,48193.83
10-Aug-21,13957.6,13996.85,13809.45,13892.75,1935174359,53300.35
11-Aug-21,13924.05,13938.6,13716.7,13876.55,1971251665,53701.03
12-Aug-21,13901.1,13979.85,13884.05,13971.95,1493031479,48262.78
13-Aug-21,13997.75,14079.65,13991.7,14065.3,1557284734,54314.73
16-Aug-21,14063.75,14087.4,14016.75,14070.8,1309598249,44544.58
17-Aug-21,14063.9,14123.6,14010.9,14113.1,1569484678,57382.99
18-Aug-21,14171.05,14186.5,14072,14095.55,1753353294,53018.39
20-Aug-21,13951.5,14047.9,13910.2,13943.95,1890113076,61332.79
23-Aug-21,14063.35,14063.5,13841,13930.55,2034607070,55351.48
24-Aug-21,13986.95,14075.9,13942.5,14063.25,1610603086,53255.51
25-Aug-21,14103.1,14145.45,14070.55,14093.6,1376531468,48182.66
26-Aug-21,14106.45,14147.05,14074.9,14106.95,1491898368,48753.1
27-Aug-21,14126.3,14203.95,14064.1,14192.5,1322925518,47465.23
30-Aug-21,14257.4,14411.95,14250.55,14397.9,1418191928,52768.5
31-Aug-21,14421.3,14571.8,14393.5,14555.9,1939879159,76252.46
01-Sep-21,14611.65,14640.6,14527.05,14551.35,1842266019,58592.84
02-Sep-21,14571.3,14692,14548.5,14684.35,2204479240,55492.82
03-Sep-21,14724.7,14770.85,14682.2,14759.3,2454372126,55570.23
06-Sep-21,14827.05,14843.4,14783.45,14805.85,1605956365,50194.19
07-Sep-21,14834.95,14852.25,14713.55,14784.25,2369606925,51521.42
08-Sep-21,14802.85,14825.1,14716.65,14803.6,2677527502,53492.66
09-Sep-21,14780.6,14844.4,14774.15,14836.45,1826184489,43854.56
13-Sep-21,14839.8,14865.75,14769.1,14852.2,1673709928,45569.06
14-Sep-21,14917.05,14935.55,14881.55,14904.35,2920040073,56376.19
15-Sep-21,14927.95,15028.65,14921.1,15020.55,3135906154,64864.98
16-Sep-21,15050.85,15115.35,15012.25,15104.9,5345605915,67308.24
17-Sep-21,15169.9,15207.7,14979.35,15027.25,4288419796,96706.64
20-Sep-21,14907.5,15047.65,14800.85,14826.75,2432340465,57594.55
21-Sep-21,14856.85,14959.45,14734.7,14946.3,2228665043,61904.7
22-Sep-21,14977.3,15030.85,14950.35,14990.55,2024443497,61036.47
23-Sep-21,15097.1,15219.35,15085.55,15205.45,2046704624,66567.45
24-Sep-21,15274.1,15305.2,15160.45,15191.95,2678377777,71613.59
27-Sep-21,15261.35,15262.65,15139.6,15189.05,1855011060,61300.47
28-Sep-21,15235.1,15239.65,14967.05,15095.6,2245338421,63524.23
29-Sep-21,15023.3,15141.05,14985.4,15086.95,3074300544,77468.97
30-Sep-21,15109.7,15137.55,15026.95,15052.65,3246246370,67479.32
01-Oct-21,14994.8,15031.55,14932.75,15013.95,2547877344,58660.53
04-Oct-21,15094.4,15195.2,15075.25,15181.15,2050818357,60033.98
05-Oct-21,15171.25,15287.7,15150.5,15280.1,2528673224,62408.13
06-Oct-21,15328.95,15349.2,15109.1,15134.55,2579412312,68005.1
07-Oct-21,15274.65,15335.95,15251,15290.15,2134120586,66161.71
08-Oct-21,15375.3,15402.7,15317.4,15365.2,1859852067,66926.76
11-Oct-21,15374.5,15497.8,15356.55,15428,2171060075,70637.79
12-Oct-21,15426.6,15493.25,15371.8,15481.9,2776371650,69043.5
13-Oct-21,15573.6,15660.2,15546.85,15631.4,3027680048,83860.64
14-Oct-21,15733.3,15781,15710.1,15769.25,2579631708,91093.46
18-Oct-21,15924.1,15949.2,15871.4,15886.15,3729469416,95130.93
19-Oct-21,16003.95,16004.45,15716.7,15757.85,2962494793,96625.16
20-Oct-21,15768,15776.35,15497,15568.65,2611891297,87389.01
21-Oct-21,15666.6,15667,15373.45,15487.65,2521990001,79464.32
22-Oct-21,15537.05,15600.45,15328.9,15399.7,2658091327,73931.37
25-Oct-21,15492,15498.4,15181.6,15334.35,2423972413,75201.86
26-Oct-21,15360.35,15528.9,15356.5,15499.65,2377318370,68850.99
27-Oct-21,15541.75,15583.2,15454.1,15484.35,1908733604,64931.2
28-Oct-21,15475.4,15475.45,15148.2,15190.85,2387292812,71438.37
29-Oct-21,15163.5,15266.4,14961.5,15086.9,2323658555,73367.85
01-Nov-21,15179.4,15318.15,15111.3,15302.7,1841726352,58879.91
02-Nov-21,15344.35,15373.7,15278.7,15314.65,1699103912,57540.93
03-Nov-21,15367.7,15397.3,15212.15,15282.75,1590805645,56962.45
04-Nov-21,15380.95,15396.85,15363.35,15376.9,369458204,9759.75
08-Nov-21,15474.25,15535.05,15313.2,15520.15,1750778815,64939.04
09-Nov-21,15542.05,15579.5,15487.7,15541.95,2039428417,62548.55
10-Nov-21,15492.05,15562.45,15458.5,15521.1,1877000269,56292.53
11-Nov-21,15497.25,15499.9,15351.2,15411.1,1493771490,49991.79
12-Nov-21,15504.35,15591.45,15429.6,15579,1520464318,52851.49
15-Nov-21,15625.75,15664.45,15558.05,15592.6,1310851988,49828.85
16-Nov-21,15613.1,15626.65,15492.6,15525.4,1497928101,56650.21
17-Nov-21,15487.15,15560.75,15436.95,15454.95,1356329811,55152.96
18-Nov-21,15461.5,15502.6,15239.8,15302.55,1715283574,59658.4
22-Nov-21,15333.9,15339.65,14846.7,14976.7,2078909437,63655.31
23-Nov-21,14876,15137.15,14820.4,15107.8,2118937938,67264.13
24-Nov-21,15159.95,15199.2,14997.3,15046.5,1857315541,52720.39
25-Nov-21,15057.6,15166.65,14984.7,15150.6,1839959382,51673.7
26-Nov-21,14990.85,15012.1,14674.75,14707.2,2217882330,69530.97
29-Nov-21,14683.05,14749.5,14402.1,14656.45,2224592537,61234.51
30-Nov-21,14662.05,14912.75,14608.6,14648.35,2682400787,103561.49
01-Dec-21,14743.7,14822.5,14694.3,14784.7,2309466860,52490.37
02-Dec-21,14808.8,14990.3,14786.65,14973.95,2101455128,52120.85
03-Dec-21,15002.65,15054.95,14845.25,14856.3,2448004269,53798.84
06-Dec-21,14876.25,14882.15,14599.35,14618.35,2894531091,44148.17
07-Dec-21,14733.25,14881.75,14683.25,14834.5,2053524776,47385.25
08-Dec-21,14945.3,15084.5,14941.3,15073.25,1722666422,49618.26
09-Dec-21,15126.55,15141,15023.2,15126.6,3114038725,48712.33
10-Dec-21,15103.65,15168.8,15069.8,15155,2436218232,47446.05
13-Dec-21,15258.1,15280,15052.9,15064.25,2044804382,52978.35
14-Dec-21,15005.5,15072,14947.95,15043.25,1809018566,49830.59
15-Dec-21,15050.1,15075.7,14936.6,14953.1,1508050662,43695.75
16-Dec-21,15072.95,15078.85,14891.6,14936.45,1656250900,44948.96
17-Dec-21,14952.75,14966.1,14658.5,14673.15,1914338443,63562.24
20-Dec-21,14523.5,14533.8,14128.15,14300.7,2107251611,55045.21
21-Dec-21,14423.7,14584.95,14386.45,14461.4,1649593618,44478.42
22-Dec-21,14542.7,14652.35,14522.55,14639.75,1386347290,40578.9
23-Dec-21,14738.3,14779.3,14708.7,14751.45,1248384517,37049.97
24-Dec-21,14813.9,14819.2,14605.05,14664.8,1376801961,34558.54
27-Dec-21,14617.15,14745.55,14515.25,14727.6,1256619005,33826.13
28-Dec-21,14809.5,14880.85,14805.3,14867.85,1185348855,35448.73
29-Dec-21,14866.2,14922.35,14835.35,14863.4,1573250586,34493.89
30-Dec-21,14856.1,14894.65,14815,14842.05,1794991791,46066.58
31-Dec-21,14879.25,15022.35,14877.85,14996.2,1818214463,36729.15
03-Jan-22,15030.5,15220.05,15028.55,15204.6,1711743989,39006.14
04-Jan-22,15260.9,15333.6,15168.15,15318.75,1992560514,45907.56
05-Jan-22,15329.75,15410.6,15264.85,15396.4,1880757237,52030.71
06-Jan-22,15275.75,15315.5,15197.1,15290.1,1835765443,49115.53
07-Jan-22,15333.45,15418.4,15255.45,15348.55,1831250781,50557.6
10-Jan-22,15427.65,15504,15400.55,15495.55,1742165362,48504.71
11-Jan-22,15497.5,15559.1,15462.05,15530.55,3859562035,53943.53
12-Jan-22,15627.05,15678.7,15595.65,15667.9,2465729163,52965.13
13-Jan-22,15710.3,15730.95,15629.45,15721.05,1886097035,57199.86
14-Jan-22,15667.95,15754.45,15619.55,15730.4,1578334741,50858.15
17-Jan-22,15731.35,15794.95,15718.25,15781.25,1676707252,51494.76
18-Jan-22,15819.45,15834.2,15546.65,15573.1,1865876457,53124.18
19-Jan-22,15580.4,15580.4,15403.2,15472.5,1809243947,57601.18
20-Jan-22,15464.45,15486.15,15280.55,15361.1,1452364959,54475.27
21-Jan-22,15252.9,15294.7,15069.05,15180.8,1624156698,58204.78
24-Jan-22,15155,15165.4,14577.15,14712.05,2092790883,62768.43
25-Jan-22,14577.55,14853,14410.9,14832.2,2059618896,64499.34
27-Jan-22,14671.7,14735.75,14489.8,14679.7,2247371180,72167.81
28-Jan-22,14773.05,14952.15,14701.6,14723.25,2108354405,62900.16
31-Jan-22,14894.75,14975.8,14857.55,14921.45,1701833595,53886.98
01-Feb-22,15073.15,15138.2,14850.3,15116.2,2290902168,62980.23
02-Feb-22,15218.25,15304.6,15201.45,15293.35,1979267946,52109.16
03-Feb-22,15289.15,15296.35,15101,15135.9,1718538295,49653.03
04-Feb-22,15159.6,15188.4,15048.35,15085.45,1700283517,48664.68
07-Feb-22,15065.05,15126.65,14796.2,14870.6,1777758185,50492.38
08-Feb-22,14926.5,14955.25,14689.15,14857.05,1793708441,52368.72
09-Feb-22,14942.75,15026.5,14925.05,15016.35,1413173419,44543.31
10-Feb-22,15084.35,15134.1,14972.35,15112.2,1675851554,48672.97
11-Feb-22,14988.95,14990.6,14862.05,14891.3,1399113736,47828.54
14-Feb-22,14606.55,14638.65,14370.7,14400.4,1733846850,52734.06
15-Feb-22,14469,14822.75,14348.4,14805.55,1813119349,52618.37
16-Feb-22,14876.65,14935.6,14756.5,14789.9,1468717194,44891.86
17-Feb-22,14857.1,14895.65,14725.05,14772.05,1173686803,39296.63
18-Feb-22,14711.3,14815,14692.65,14710.7,1107629373,33912.69
21-Feb-22,14638.35,14733.1,14498.2,14597.1,1685206945,41360.43
22-Feb-22,14269.45,14527.2,14267.6,14489.05,1789782510,50396.16
23-Feb-22,14581.05,14629.05,14482.3,14506.95,1359046090,38951.88
24-Feb-22,14055.85,14180.85,13747.45,13775.7,2896660329,75653.9
25-Feb-22,14018.1,14247.05,14007.7,14187.4,2082555257,54706.24
28-Feb-22,14047.75,14320.95,13928.8,14307.95,2039609404,62504.81
02-Mar-22,14161.7,14265.5,14104.75,14199.8,1960825495,66290.37
03-Mar-22,14327.7,14364.6,14094.3,14135.95,1981292495,59287.17
04-Mar-22,14020.2,14075,13828.45,13893.15,2163358448,63248.32
07-Mar-22,13594.75,13637.5,13438.3,13564.25,2132125281,65001.68
08-Mar-22,13504.75,13720.1,13423.55,13706.75,1986681475,66754.87
09-Mar-22,13786.4,14037.65,13721.95,13979.6,1863587266,62669.26
10-Mar-22,14313.2,14316.8,14079.85,14189,1946810503,67367.68
11-Mar-22,14145.5,14268.3,14098.7,14237.15,1529739344,52279.33
14-Mar-22,14248.9,14389.35,14189.1,14374.6,1450414963,52485.63
15-Mar-22,14408.75,14433.75,14130.9,14215.85,1766275769,60067.46
16-Mar-22,14392.55,14491.45,14369.5,14481.8,1284516904,46978.09
17-Mar-22,14667.2,14756.55,14644.75,14721.7,2600172827,76084.9
21-Mar-22,14773.05,14789.85,14590.7,14602.35,1498216639,50811.88
22-Mar-22,14613.1,14738.15,14492.25,14724.05,1520859061,53604.32
23-Mar-22,14806.6,14833.3,14660.45,14695.15,1679968615,53305.49
24-Mar-22,14598.75,14744.7,14595.7,14699.35,1609080043,51907.08
25-Mar-22,14763.9,14768.3,14590.45,14651.7,1396675558,48378.72
28-Mar-22,14686.25,14694.85,14515.65,14675.85,1547370762,50067.99
29-Mar-22,14744.05,14773.15,14689.6,14761.9,1722624126,48744.91
30-Mar-22,14880.7,14924.75,14823.55,14896.9,2148589897,63379.17
31-Mar-22,14925.55,14963.4,14871,14894.5,1815251648,57574.09
01-Apr-22,14890.1,15111.35,14882.6,15087.3,1854339950,50717.36
04-Apr-22,15192.8,15393.35,15184.7,15384.2,1956545495,68815.6
05-Apr-22,15433.05,15477.8,15360.2,15390.5,1870375947,64442.11
06-Apr-22,15318.15,15387.4,15293.85,15327.9,2840470400,64308.15
07-Apr-22,15292.35,15361.2,15185.7,15201.25,3302836546,68063.89
08-Apr-22,15271.35,15386.1,15202.5,15342.4,2385268764,60265.87
11-Apr-22,15337.5,15386.85,15294.3,15325.5,1750682873,52303.6
12-Apr-22,15281.85,15283.35,15078.45,15164.7,1771383713,58239.54
13-Apr-22,15239.65,15284.7,15126.65,15138.55,1388505488,45901.9
18-Apr-22,14942.6,14971.5,14821.25,14926.05,1668247374,60047.19
19-Apr-22,15012.75,15041.65,14617.05,14726.65,1855369225,67306.28
20-Apr-22,14807.15,14905.25,14747.95,14850.3,1463035590,52661.9
21-Apr-22,14946.3,15067.45,14929.15,15053.95,1436607750,52993.51
22-Apr-22,14948.1,15015.35,14875.8,14894.85,1486943550,53664.31
25-Apr-22,14758.6,14769.1,14623.1,14673,1525996866,48734.05
26-Apr-22,14818.8,14915.35,14785.85,14898.35,1357486732,48335.02
27-Apr-22,14797.35,14825.55,14678.95,14756,1542960449,51582.19
28-Apr-22,14886.5,14964.6,14765.85,14913.9,1613145949,54878.9
29-Apr-22,14991.45,15011.7,14743.35,14783.35,1609557502,57710.45
02-May-22,14647.25,14751.05,14617.75,14736.3,1413251679,44482.85
04-May-22,14771.45,14798.3,14343.6,14393.35,1629680302,52977.14
05-May-22,14542.15,14606.05,14365.55,14395.5,1349654710,44646.86
06-May-22,14159.1,14205,14073.45,14145.75,1526108456,52136.4
09-May-22,14002.75,14088.3,13879.55,13991.75,1418991426,47160.84
10-May-22,13953.95,14068.4,13823.35,13855.95,1345479766,46668.31
11-May-22,13888.15,13949.1,13589.35,13771.8,1785910352,52297.48
12-May-22,13656.95,13671,13389.75,13465.25,1827965124,50841.16
13-May-22,13621.2,13738.55,13435.05,13471.5,1731094866,56887.33
16-May-22,13540.25,13646.3,13434.45,13571.2,1504177884,42448.54
17-May-22,13648.45,13944.7,13632.15,13926.05,1543622516,46608.4
18-May-22,13989.35,14064,13896.6,13918.2,1588231425,50975.45
19-May-22,13625.75,13680.65,13520.95,13550.9,1522617779,46743.19
20-May-22,13755.05,13906.4,13733.55,13895.05,1395201103,45817.33
23-May-22,13929.75,14005.5,13813.6,13835.8,1568671748,48946.48
24-May-22,13858.05,13883.55,13709.4,13747.25,1571206265,44298.52
25-May-22,13805.1,13821.4,13574.5,13587.75,1367445922,43959.11
26-May-22,13651.55,13756.85,13445.25,13722.55,1681237805,53653.45
27-May-22,13839.3,13885.05,13768.3,13873.15,1251551533,42132.19
30-May-22,14022.6,14163.05,14009.65,14154.8,1395876254,44818.66
31-May-22,14106,14215.45,14067.05,14119.6,2587496055,102893.26
01-Jun-22,14132.1,14186.9,14009.05,14082.9,1370794669,44043.19
02-Jun-22,14059.25,14179.3,14029.8,14167.95,1277988674,41032.64
03-Jun-22,14280.35,14300,14064.9,14077.9,1205648026,45091.34
06-Jun-22,14042.4,14081.2,13932.15,14054.1,1118638011,36351.46
07-Jun-22,13978.65,13990.2,13883.75,13935.6,1115312622,36823.37
08-Jun-22,13981.65,14020.45,13832.45,13886.9,1232230159,38330.14
09-Jun-22,13816.7,13989,13790,13977.1,1114495573,35811.69
10-Jun-22,13825,13860.05,13757.95,13781.75,1034024811,35630.6
13-Jun-22,13521.2,13527.75,13356.2,13416.9,1306394989,39484.31
14-Jun-22,13341.95,13506.5,13324.15,13388.3,1238442984,40017.93
15-Jun-22,13412.2,13448.45,13366.75,13380.85,973850504,32009.11
16-Jun-22,13508.7,13527.8,13064.05,13089.2,1385437449,42809.13
17-Jun-22,13011.4,13111.95,12903.85,12994.75,1644760699,56532.85
20-Jun-22,13026.15,13049.4,12855.55,12950.75,1553247536,40270.32
21-Jun-22,13042.8,13275.5,13019.35,13241.9,1452889416,39382.15
22-Jun-22,13176.1,13184.9,13028.35,13047.75,1284949775,35130.78
23-Jun-22,13081.9,13231.9,13021.25,13178.8,1235063774,39101.74
24-Jun-22,13269.2,13337.7,13247.95,13322.5,1194210708,36601.98
27-Jun-22,13506.35,13510.8,13432.65,13444.55,1203390156,36695.16
28-Jun-22,13389.85,13487.5,13330.75,13464.25,1242907282,36961.62
29-Jun-22,13337.65,13462.05,13328.2,13417.85,1413712508,42587.18
30-Jun-22,13410.8,13492.15,13352.4,13387.55,1296763256,44185.99
01-Jul-22,13335.25,13422.45,13192.9,13394.45,1292755474,43262.76
04-Jul-22,13378.4,13483.7,13337.2,13472.65,1090134381,35501.39
05-Jul-22,13533.75,13628.45,13439.4,13461.85,1143490261,36881.9
06-Jul-22,13472.8,13647.2,13443.35,13631.3,1162903383,42014.25
07-Jul-22,13736.95,13777.75,13687.55,13765.6,1222896680,41345.89
08-Jul-22,13873.75,13874.7,13770.9,13828.25,1090546667,37893.93
11-Jul-22,13771.4,13905.95,13755.75,13886.85,1251741611,39858.66
12-Jul-22,13823.6,13866.65,13757.3,13779,1229496938,35091.6
13-Jul-22,13842.8,13861.3,13714.2,13726.95,1101134452,38311.91
14-Jul-22,13771.2,13797.6,13617.15,13702.65,1079671317,38257.51
15-Jul-22,13761.1,13804.05,13695.2,13790.2,1083221905,37897.06
18-Jul-22,13883.8,13993.4,13877.6,13984.4,1171579610,39695.94
19-Jul-22,13922.55,14067.75,13922.35,14051.65,1281842335,39715.35
20-Jul-22,14220.2,14230.9,14140,14164.4,1356373232,45867.49
21-Jul-22,14172.8,14288.6,14141.65,14271.8,1382327096,44704.27
22-Jul-22,14325.05,14359.75,14265.25,14336.6,1246877998,42506.56
25-Jul-22,14307.9,14335.1,14228.15,14279.5,1389197352,41015.7
26-Jul-22,14284.7,14286.5,14122.55,14141.45,1492482903,42084.12
27-Jul-22,14131.8,14272.2,14099.9,14262.55,1507711153,39359.87
28-Jul-22,14365.05,14481.45,14330.3,14469.1,1742186254,52973.3
29-Jul-22,14588.15,14677.75,14553.65,14665.65,1916576289,57040.56
01-Aug-22,14741.4,14858.3,14666.2,14846.85,2120563196,52159.33
02-Aug-22,14831.9,14906,14765.3,14876.6,3265345125,55682.65
03-Aug-22,14880.65,14906.7,14750.75,14878.05,2403123575,51426.14
04-Aug-22,14944.95,14974.7,14688,14892.45,2320098205,54830.17
05-Aug-22,14933.2,14972.1,14874.25,14900.4,2153904409,52912.36
08-Aug-22,14910.6,15009.9,14867.2,14993.35,1420711786,41443.51
10-Aug-22,15033.3,15033.3,14919.2,14985.8,1671382607,48361.58
11-Aug-22,15123.65,15130.05,15069.9,15095.15,1496590462,46706.84
12-Aug-22,15102.8,15162.3,15060.75,15140.55,1736431366,49305.94
16-Aug-22,15222.9,15287.45,15203.5,15280.5,1771080346,50806.13
17-Aug-22,15325.35,15398.45,15306.55,15379.05,1881468758,52207.37
18-Aug-22,15355.6,15415.25,15325.2,15404.6,1749038510,50071.08
19-Aug-22,15426.2,15445.5,15205.55,15236.65,1925117182,57878.07
22-Aug-22,15183.1,15186.15,14980.4,15001.75,1648241622,47112.76
23-Aug-22,14887,15128.25,14879.9,15090.5,1844202013,48576.13
24-Aug-22,15062.45,15152.45,15037.15,15140.4,1754769023,44296.33
25-Aug-22,15208.85,15252.8,15075.1,15100.65,2157553941,47266.48
26-Aug-22,15187.1,15242.65,15116.2,15147.55,1714471790,43929.16
29-Aug-22,14797.8,15016.25,14793.95,14972.75,1543806646,44579.83
30-Aug-22,15071.45,15338.8,15065.35,15325.05,1849362622,57012.18
01-Sep-22,15142.7,15309.85,15141.45,15211.2,1887721217,55648.53
02-Sep-22,15272.45,15305,15184.3,15201.6,1721101724,47830.73
05-Sep-22,15221.75,15311.95,15217.35,15294.4,2063022326,41940.22
06-Sep-22,15339.3,15386.75,15248,15313.05,2340271959,46093.22
07-Sep-22,15222.25,15334,15199.4,15319.4,2329467161,54376.33
08-Sep-22,15430.2,15448.75,15365.7,15440.7,1962089739,50817.9
09-Sep-22,15547.55,15548.85,15426.4,15467.4,1883276625,50256.16
12-Sep-22,15524.7,15600.15,15522.4,15577.4,1403829153,46186.67
13-Sep-22,15667.35,15686.85,15635.15,15669.85,1799280675,52378.51
14-Sep-22,15423.9,15688.1,15423.9,15630.7,2023793430,63649.39
15-Sep-22,15686,15724.45,15543.9,15580.35,1805671642,57502.01
16-Sep-22,15529.35,15542,15197.9,15243.95,2582890903,84141.95
19-Sep-22,15264.25,15348.8,15135.15,15293.55,1592805437,51360.89
20-Sep-22,15423.5,15557.3,15410.25,15470.35,1514536206,50291.97
21-Sep-22,15449.25,15516.5,15320.05,15361.25,1633796422,48873.5
22-Sep-22,15284.6,15386.75,15224.95,15335.3,1868222839,50354.87
23-Sep-22,15324.3,15360.2,15032.75,15057.65,1723230144,49539.7
26-Sep-22,14916.9,14932.5,14671.05,14725.7,1994235461,56231.49
27-Sep-22,14805.85,14874.45,14652.3,14727.3,1676743917,48390.92
28-Sep-22,14617.4,14768.25,14577.05,14620.6,1559120413,44088.11
29-Sep-22,14748.2,14783.75,14569.1,14602.5,1813592799,58102.63
30-Sep-22,14586.9,14881.3,14516.3,14829.35,1881198019,53260.21
03-Oct-22,14837.1,14858.65,14585.8,14638.5,1665355078,46761.88
04-Oct-22,14869.55,14975.6,14852.55,14965.8,1536625583,43538.29
06-Oct-22,15063.55,15119.9,15042.2,15053.05,1649676252,49244.41
07-Oct-22,15030.2,15055.65,14943.15,15036.7,1535855659,41886.07
10-Oct-22,14857,14989.05,14818.5,14951.65,1420460846,38297.15
11-Oct-22,14980.45,14982.75,14692.55,14721.9,1498799633,44289.25
12-Oct-22,14761.45,14844.85,14676.55,14829.95,1418991409,39361.27
13-Oct-22,14811.2,14832.35,14683.55,14730.3,1316039824,36590.43
14-Oct-22,14979.15,14989.15,14803.7,14815.1,1270082006,38430.41
17-Oct-22,14783.2,14920.7,14718.8,14906.15,1400728636,38806.64
18-Oct-22,15009.1,15071.95,15007.25,15056.55,1737723416,44363.54
19-Oct-22,15120.4,15153.05,15039.8,15068.6,1895840786,42236.66
20-Oct-22,14998.45,15128.4,14979.6,15112.1,1946682857,42794.73
21-Oct-22,15159.6,15181.9,15036.1,15081.1,1652010476,49023.16
24-Oct-22,15225.45,15248.05,15179.15,15198.75,396649174,8510.37
25-Oct-22,15251.75,15253.75,15143.45,15158.1,1717823983,44733.42
27-Oct-22,15246.55,15273.3,15172.15,15244.25,1790193355,50629.83
28-Oct-22,15265.45,15290.15,15191.6,15241.6,1488533655,42323.52
31-Oct-22,15333.15,15433.05,15327.4,15424,1436076775,45150.45
01-Nov-22,15507.95,15545.85,15460.7,15537.4,1756374202,51994.19
02-Nov-22,15560.45,15561.1,15470.4,15497.55,1356369438,45387.78
03-Nov-22,15407.8,15519.15,15401.3,15484.7,1533581319,42508.55
04-Nov-22,15495.75,15542.15,15454.3,15530.85,1799754365,47682.93
07-Nov-22,15610.95,15647.25,15505.75,15615.15,2098710460,54741.24
09-Nov-22,15684.45,15686.35,15534.85,15567.25,2286514913,56768.38
10-Nov-22,15490.25,15523.9,15384.35,15440,1696143940,47046.71
11-Nov-22,15633.5,15662.05,15612.45,15649.1,2301538901,65405.72
14-Nov-22,15672.5,15684.25,15627.75,15650.2,1975805848,51967.69
15-Nov-22,15678.5,15708.9,15609.5,15693.9,1490601593,43328.34
16-Nov-22,15696.55,15711.3,15607.25,15663.3,1895666450,48591.62
17-Nov-22,15630.55,15661.1,15573.95,15597.25,1751072310,43854.1
18-Nov-22,15634.3,15644.8,15472.35,15550.85,1740991153,43855.37
21-Nov-22,15514.6,15523.15,15431.2,15453.8,1897045381,39062.97
22-Nov-22,15472.65,15518.1,15437.3,15509.2,1889428183,41267.02
23-Nov-22,15572.75,15572.9,15520.25,15538.15,1966564981,43505.26
24-Nov-22,15588.45,15706.5,15567.75,15680.8,1938019518,44033.16
25-Nov-22,15719.8,15743.1,15668.35,15727.25,2580923382,46425.53
28-Nov-22,15683.75,15817.35,15642.8,15784.45,2407263794,48790.29
29-Nov-22,15784.55,15859.35,15782.4,15812.45,2085343665,44182.45
30-Nov-22,15827.45,15991.6,15820.55,15946.15,3148620915,87021.75
01-Dec-22,16041.15,16041.65,15972.75,16003.95,2087260933,54763.64
02-Dec-22,15977.5,15991.05,15909.6,15963.5,2231197217,51756.63
05-Dec-22,15994.95,15999.8,15881.8,15967.2,2366550196,48301.66
06-Dec-22,15904.1,15936.7,15881.6,15922.85,2311633800,43781.56
07-Dec-22,15932.25,15953.25,15836.05,15862,2008438540,42524.76
08-Dec-22,15881.8,15918.75,15860.3,15911.1,1967287299,44768.86
09-Dec-22,15964.85,15967.3,15727.35,15812.75,3679343930,53340.85
12-Dec-22,15759.65,15836.85,15687.95,15828,2791385743,42396.27
13-Dec-22,15863.25,15913.8,15830.65,15904.5,3497303705,47167.84
14-Dec-22,15958.15,15988.55,15946.3,15963.8,4415929519,49288.98
15-Dec-22,15938.05,15968.2,15758.85,15783.8,3335428333,45875.91
16-Dec-22,15710.9,15799.35,15625.25,15636.35,2877750101,57223.41
19-Dec-22,15658.85,15764,15606.15,15755.2,2537045437,39786.77
20-Dec-22,15704.05,15740.25,15580.8,15726.2,2326129868,39296.79
21-Dec-22,15772.95,15812.05,15497.6,15527.55,3062020011,49497.11
22-Dec-22,15599.55,15636.1,15369.6,15431.5,2756025508,45309.61
23-Dec-22,15300.75,15349.35,15018.75,15046,2817098950,48222.81
26-Dec-22,15060.85,15350.35,14985.4,15298.55,2912946876,39624.58
27-Dec-22,15375.2,15433.65,15278.6,15418.35,2551296617,37155.47
28-Dec-22,15390.55,15468.15,15363.65,15432.8,2369754511,37262.82
29-Dec-22,15370,15517.45,15307,15485.2,2121593379,43553.07
30-Dec-22,15557.75,15581.95,15425.65,15448.85,2177895200,37330.91
02-Jan-23,15479.95,15536.35,15433.3,15523.65,2100336318,33418.04
03-Jan-23,15515.75,15575.7,15500.75,15557.8,2077114272,36180.6
04-Jan-23,15563.15,15574.5,15375.8,15393,2139053096,40254.1
05-Jan-23,15446.5,15462.15,15286.4,15386.2,1756668308,43843.18
06-Jan-23,15401.35,15419.4,15219.85,15272,1731462274,38143.17
09-Jan-23,15360.4,15472.15,15353.35,15450.1,1622494542,38865.42
10-Jan-23,15470,15472.45,15262.1,15325.25,1603159738,39176.65
11-Jan-23,15342.75,15375.1,15257,15301.35,1618847634,39057.77
12-Jan-23,15329.7,15347.2,15203.55,15279.6,1525410438,39927.57
13-Jan-23,15295.9,15370.05,15215,15346.1,1654332600,41493.39
16-Jan-23,15398.15,15421.25,15276.5,15305.45,1862743570,37956.77
17-Jan-23,15328.85,15411,15291.6,15396.15,1662006794,38829.65
18-Jan-23,15416.6,15479.65,15376.5,15466.35,1456707447,40195.87
19-Jan-23,15427.15,15455.15,15387.25,15419.7,1397940591,36604.78
20-Jan-23,15428.2,15443.45,15336.7,15347.9,1456578538,40724.65
23-Jan-23,15411.5,15427.5,15364.25,15403.2,1746351498,37077.9
24-Jan-23,15451.2,15459.3,15364.2,15388.55,1385162036,39883.46
25-Jan-23,15364.4,15368.7,15146.4,15171.95,1796456426,44916.42
27-Jan-23,15160.15,15165.4,14779.1,14874.75,2361981912,71139.44
30-Jan-23,14807.5,14955.15,14675.05,14854.2,2176673692,65863.7
31-Jan-23,14906.45,14962.95,14787.85,14935.5,2135709658,63727.77
01-Feb-23,15054.8,15154.1,14622.65,14847.65,2638250569,74835.39
02-Feb-23,14760.35,14887.45,14698.4,14839.4,2056905928,64139.7
03-Feb-23,14904.1,14972.15,14746.45,14962.35,2022624131,58230.16
06-Feb-23,14939.4,14954.3,14870.55,14934.15,2178288360,43661.23
07-Feb-23,14950.15,14970.8,14845.95,14902.2,1680002570,48118.93
08-Feb-23,14927.55,15046.7,14924.05,15028.3,1730153256,48124.92
09-Feb-23,15036.85,15054.75,14956.9,15030.1,1569293387,45739.53
10-Feb-23,14992.65,15031.1,14969.55,15015.85,1567464644,40692.9
13-Feb-23,15011.35,15022.55,14875.85,14900.5,1389238443,41233.12
14-Feb-23,14936.2,14988,14879.35,14968.9,1317351612,39912.76
15-Feb-23,14939,15053.55,14923.25,15039.65,1261216093,40630.65
16-Feb-23,15098.45,15135.35,15060,15083.75,1262808878,43769.1
17-Feb-23,15036.25,15077,14966.3,15003.95,1183806448,36641.84
20-Feb-23,15023.45,15036.45,14920.7,14938.65,1487039164,34966.37
21-Feb-23,14982,14992.7,14894.15,14913.95,1362135509,35313.01
22-Feb-23,14854.15,14861.05,14674.25,14701.9,1445331515,36990.62
23-Feb-23,14715.2,14740.8,14599.1,14666.75,1738279069,41105.58
24-Feb-23,14723.4,14741.95,14598.95,14630.45,1443460554,35586.7
27-Feb-23,14600.9,14609.4,14465.7,14548.7,1359792443,36215
28-Feb-23,14550,14584.45,14476,14518.75,2038552537,64098.28
01-Mar-23,14557,14675.05,14550.1,14664.85,1609704691,39735.71
02-Mar-23,14654.8,14668.4,14575.95,14587.25,1559920347,40737.52
03-Mar-23,14686.25,14813.05,14676.05,14774.75,1831401257,45660.5
06-Mar-23,14848.35,14942.05,14843.7,14881,1618596616,47459.89
08-Mar-23,14843.1,14932.4,14791.25,14921.95,1383638204,44963.87
09-Mar-23,14947.05,14952.85,14788.9,14803.95,1337603327,41438.99
10-Mar-23,14695.05,14699.35,14593.4,14679.85,1254042243,38335.61
13-Mar-23,14681.55,14752.85,14420.5,14454.45,1820012428,43378.59
14-Mar-23,14462,14499.2,14306.8,14358.55,1541520782,47108.03
15-Mar-23,14458.15,14494.35,14298.15,14320.3,1386568459,41631.2
16-Mar-23,14328.5,14387.65,14189,14330.35,2166814560,48027.18
17-Mar-23,14436.25,14464.9,14327.75,14420.85,2335798763,60463.18
20-Mar-23,14389.85,14393.6,14196.5,14317.1,1617972972,42305.3
21-Mar-23,14379.05,14428.15,14339.95,14411.3,1329388698,40872.29
22-Mar-23,14470.05,14497.15,14432.2,14460,1293203459,33640.63
23-Mar-23,14422.95,14490.65,14388.3,14403.6,1162234148,37893.89
24-Mar-23,14409,14434.1,14257.5,14279,1396048977,41274.87
27-Mar-23,14306.6,14348.95,14238.9,14262.7,1481559192,38081.34
28-Mar-23,14289.95,14300.2,14177.5,14211.8,1461524983,39550.8
29-Mar-23,14218.6,14377.3,14218.6,14345.6,1955709926,52512.64
31-Mar-23,14442.3,14577.15,14438.8,14557.85,1744273854,50435.82
03-Apr-23,14621.05,14621.05,14541.6,14601.95,1382486174,40241.64
05-Apr-23,14620.7,14718.9,14611.25,14709.4,1345237378,45397.63
06-Apr-23,14701.1,14786,14673.7,14759.2,1301693047,45127.78
10-Apr-23,14797.35,14833.45,14767,14790.55,1206322523,40434.75
11-Apr-23,14854.65,14893.6,14814.35,14867.25,1244492478,45157.23
12-Apr-23,14902.2,14949.9,14871.9,14941.55,1196592192,45447.49
13-Apr-23,14946.45,14965.7,14885.25,14954.25,1296251187,48291.38
17-Apr-23,14970.35,14970.35,14794.45,14904.3,1396018912,56502.52
18-Apr-23,14949.1,14949.1,14852.65,14897,1588353060,46292.52
19-Apr-23,14901.25,14905.6,14832.9,14856.9,1465719425,43266.42
20-Apr-23,14878.55,14905.8,14835.9,14861.75,1113300816,40102.76
21-Apr-23,14879.6,14888.65,14789.95,14847.1,1446493835,38260.75
24-Apr-23,14903.95,14937.2,14841.6,14930.15,1560382501,41701.65
25-Apr-23,14945.8,14981.3,14916.35,14955.7,1999028047,54307.88
26-Apr-23,14954.2,15003.1,14918.55,14994.4,2112789940,48453.48
27-Apr-23,14999.9,15085.85,14989.2,15075.05,1984703788,49102.7
28-Apr-23,15111.05,15235.45,15077.45,15219.55,2188830164,58704.94
02-May-23,15276.2,15327.75,15261.15,15300.75,2179360513,52398.57
03-May-23,15277.75,15305.05,15239.5,15276.4,2173387111,48872.14
04-May-23,15282.25,15414.7,15272.7,15405.5,2225522693,50710.92
05-May-23,15330.35,15394.9,15265.85,15278.6,2111148433,53911.11
08-May-23,15321.9,15440.85,15310.75,15427.1,1756130710,50209.5
09-May-23,15462.75,15502.7,15393.95,15420.6,1814854477,52679.68
10-May-23,15458.05,15476.1,15372.45,15466.05,1633262258,45815.06
11-May-23,15512.35,15526.75,15461.85,15484.05,1597875715,50339.97
12-May-23,15475.05,15506.15,15401.65,15477.35,1349781848,47211.49
15-May-23,15495.85,15591.95,15464.65,15549.7,1356766940,44559.72
16-May-23,15584.4,15592.25,15476.65,15492.4,1781786496,49882.61
17-May-23,15508.25,15512.85,15367,15426.35,1707386684,48033.26
18-May-23,15506.65,15514.9,15346.85,15361.6,1592845181,48801.15
19-May-23,15399.5,15418.8,15278.7,15407.55,1395757427,48139.48
22-May-23,15409.05,15517.65,15386.9,15504,1699216020,51559.27
23-May-23,15551.05,15595.65,15528.75,15544.75,1488306358,53375.47
24-May-23,15517.2,15591.4,15493.3,15515.95,1759565697,53608.02
25-May-23,15510.2,15568.55,15474.15,15555.25,1791618537,48350.12
26-May-23,15589.5,15704,15567.85,15696.75,1555175547,47282.85
29-May-23,15791.75,15805.75,15758.15,15772.35,1756013937,45448.94
30-May-23,15784.25,15823.9,15759.35,15799.45,1635982788,47006.41
31-May-23,15773.8,15789.2,15706.5,15766.4,3452743298,126891.56
01-Jun-23,15801.95,15823.95,15743.4,15760.35,1756671826,50532.95
02-Jun-23,15816.8,15838.45,15774.65,15811.2,1850569083,50538.99
05-Jun-23,15877.45,15899.15,15851.75,15859.5,1789968379,48955.65
06-Jun-23,15873.75,15895.7,15816.7,15878.4,1727376202,48736.44
07-Jun-23,15938.3,16016,15920.25,16006.7,3113270657,51368.99
08-Jun-23,16021.7,16048.8,15906.15,15921.05,2368753675,52520.12
09-Jun-23,15947.95,15961.7,15866.8,15877.4,1899270713,48089.96
12-Jun-23,15913.2,15946.15,15874.4,15929.1,1724891640,41580.42
13-Jun-23,15964.8,16057.5,15964.3,16048.2,1911980895,53551.87
14-Jun-23,16082.15,16094.1,16035.15,16084.05,2015517783,51495.07
15-Jun-23,16106.85,16138.7,16039.05,16058.25,1704321908,56123.42
16-Jun-23,16100.9,16211.25,16091.8,16181.45,2041481293,65472.48
19-Jun-23,16231.05,16244.95,16117.85,16142.15,1733302800,52388.44
20-Jun-23,16147.55,16215.6,16080.95,16199.95,1693222122,52688.65
21-Jun-23,16244.55,16277.35,16201.4,16240.95,1856148146,55606.02
22-Jun-23,16252.75,16264.15,16128.8,16140.8,1797196570,55744.22
23-Jun-23,16126.7,16133.95,15999.4,16011.8,1506652293,49153.58
26-Jun-23,16017.5,16079,15995.1,16066.15,1333426701,43552.26
27-Jun-23,16118.65,16171.2,16104.2,16163.5,1483209418,48839.63
28-Jun-23,16239.85,16296,16210.45,16277.2,2074192988,74402.01
30-Jun-23,16354.95,16437.45,16326,16430,2166302742,65347.97
03-Jul-23,16490.95,16541.9,16485.3,16527.95,2214326561,52078.91
04-Jul-23,16597.5,16599.25,16499.15,16556.05,2893789032,56841.97
05-Jul-23,16580.2,16611.15,16540.2,16597.2,2338435100,56398.66
06-Jul-23,16600.75,16703.3,16590.7,16695.05,2484569018,62772.1
07-Jul-23,16653.3,16718.2,16541.6,16564.9,2179404202,57293.84
10-Jul-23,16620.9,16623.95,16530.75,16553.75,1783754067,55844.44
11-Jul-23,16610.95,16698.8,16597.55,16648,1975160951,60719.96
12-Jul-23,16697.1,16703.25,16627.3,16641.05,2112052873,79903.05
13-Jul-23,16726.95,16774.5,16596.45,16623.9,2156364179,64224.57
14-Jul-23,16695.7,16786,16655.05,16765.45,1682708773,57259.57
17-Jul-23,16811.65,16884.95,16784.35,16872.05,2046131796,60650.96
18-Jul-23,16932.95,16940.15,16818.3,16872,1999923967,65606.28
19-Jul-23,16919.05,16964.25,16877.45,16953.5,1986820964,57382.12
20-Jul-23,16965.45,17051,16912.7,17042.55,2161651793,63934.44
21-Jul-23,16931.95,16991.4,16874.95,16904.3,2357183475,70807.1
24-Jul-23,16921.75,16948.4,16852.2,16865.15,2884001503,63588.95
25-Jul-23,16918.8,16918.85,16832.45,16896.9,2288027339,66584.75
26-Jul-23,16950.7,17011,16931.6,16975,2313612385,59928.8
27-Jul-23,17038.35,17056.2,16873,16919.2,2480262255,72603.45
28-Jul-23,16935.05,16960.5,16880.6,16948.35,2068536544,62221.04
31-Jul-23,16972.5,17072.8,16939,17059,2443434212,63188.37
01-Aug-23,17096.6,17102.1,17026.3,17051.15,2330924567,60708.51
02-Aug-23,17005.6,17018.85,16755.9,16858.95,2424631026,63532.76
03-Aug-23,16818.35,16878.75,16691.65,16772.3,2549855462,72056.04
04-Aug-23,16847.4,16914.45,16836.55,16890.6,2629068612,68151.38
07-Aug-23,16948.35,16970.05,16897.5,16956.35,2250346646,58176.01
08-Aug-23,16991.85,16998.15,16889.85,16949.25,2394535297,63249.61
09-Aug-23,16966.85,17011.95,16881.75,17003.85,2114888989,60034.38
10-Aug-23,16999.5,17013.45,16901.55,16939.85,2345381843,67890.32
11-Aug-23,16970.05,16972.05,16845.8,16860.15,2276876336,63377.74
14-Aug-23,16827.75,16854.1,16661,16825.55,2026866528,55878.34
16-Aug-23,16779.6,16867.8,16732.75,16853.05,1964387123,58414.4
17-Aug-23,16858.85,16869.4,16781.6,16802.25,2047869552,59410.63
18-Aug-23,16768,16803.25,16722.05,16757.7,1900552417,59333.02
21-Aug-23,16780.75,16872.55,16766.7,16852.05,1765277824,51424.65
22-Aug-23,16886.95,16925.45,16874.8,16905.25,2251643586,53418.35
23-Aug-23,16950.9,16981.85,16912.15,16950.25,2283716870,57435.29
24-Aug-23,17039.25,17074.25,16916.4,16930.15,2414341659,71343.04
25-Aug-23,16871,16905.7,16785.25,16820.85,2505022441,58407.95
28-Aug-23,16866.4,16918.25,16823.4,16875.3,2442608132,50634.88
29-Aug-23,16933.85,16938.8,16898.05,16927.3,2514033994,58916.67
30-Aug-23,17010.15,17035.6,16959.1,16968.95,2247514601,58093.03
31-Aug-23,17001.35,17011.8,16904.7,16924.3,3889498475,123953.21
01-Sep-23,16940.2,17088.1,16931.5,17074.55,3986074942,73217.83
04-Sep-23,17157.9,17191.2,17074.55,17180.95,4456715110,75529.72
05-Sep-23,17228.2,17264.9,17180.95,17252.1,3770250639,74224.31
06-Sep-23,17274.2,17298.8,17198.75,17284.6,3048646034,74618.88
07-Sep-23,17292.35,17395,17269.1,17385.5,2721622531,65580.89
08-Sep-23,17437.65,17519.6,17411.85,17487.45,2991385758,76172.26
11-Sep-23,17567.2,17660.8,17550.2,17653.35,3717219996,75293.19
12-Sep-23,17753.95,17754.05,17422.05,17460.55,4434019062,89767.28
13-Sep-23,17458.4,17540.85,17364.35,17526.75,3477324220,70614.44
14-Sep-23,17593.25,17648.55,17546,17603.5,2950876440,62862.08
15-Sep-23,17662.8,17691.85,17620.9,17665.8,4139197352,95611.93
18-Sep-23,17666.85,17671.6,17601.55,17613.6,4463915594,64993.35
20-Sep-23,17513.2,17571.15,17419.75,17449.35,3096778358,76450.74
21-Sep-23,17409.1,17422.75,17273.1,17303.5,2882268149,61773.7
22-Sep-23,17314.4,17361.8,17226.05,17260.8,3034799399,61583.4
25-Sep-23,17276.35,17308.2,17198.2,17272.55,2341573329,56282.8
26-Sep-23,17284.9,17312.35,17250.3,17276.75,2387172080,52198.94
27-Sep-23,17270.4,17352.1,17217.45,17341.6,2417639795,55324.2
28-Sep-23,17384.05,17389.2,17147,17170.45,2924753144,75321.06
29-Sep-23,17227.55,17357.15,17205.2,17292.6,2128937104,57809.05
03-Oct-23,17294.5,17295.45,17201.7,17254.4,2473841245,57777.98
04-Oct-23,17195.55,17200.7,17032.6,17123.1,2995740057,64660.1
05-Oct-23,17202.25,17234,17154.3,17195.8,2478389086,53734.03
06-Oct-23,17263.35,17310.1,17237.1,17293.6,2240980304,46813.82
09-Oct-23,17170.5,17206.85,17096.65,17127.7,2336941281,46314.53
10-Oct-23,17184.55,17319.3,17184.55,17303.35,2004731586,50866.17
11-Oct-23,17380.65,17447.8,17375.5,17407.35,2194629821,54182.21
12-Oct-23,17438.3,17457.85,17402.45,17419.7,2136732775,53547.97
13-Oct-23,17323.05,17436.5,17306.55,17390.35,2275970028,57444.82
16-Oct-23,17390.35,17431.5,17353.15,17393,2160915301,49614.63
17-Oct-23,17490.05,17494.5,17437.95,17467.7,2188914301,51512.76
18-Oct-23,17484.35,17492.4,17332.3,17344,2315570544,55900.45
19-Oct-23,17251.2,17344.6,17202.25,17310.5,2047683707,54341.4
20-Oct-23,17258.3,17295.05,17190.6,17208.75,2592828899,55170.15
23-Oct-23,17204.75,17224.8,16859.85,16888.7,2543975476,57102.79
25-Oct-23,16912.4,16967.1,16677.15,16760.8,2453601390,55777.8
26-Oct-23,16678.7,16689.1,16466.25,16555.45,2559206652,68525
27-Oct-23,16636.05,16793.1,16634.6,16765.45,2144660032,54057.6
30-Oct-23,16784.95,16837.8,16661.95,16826.1,2056332999,48625.46
31-Oct-23,16909.7,16910,16785.55,16801.1,1845554791,50709.72
01-Nov-23,16808.5,16834.1,16719.1,16732.95,2394597187,49435.49
02-Nov-23,16849.95,16903.75,16823,16890.8,2235609749,50387.18
03-Nov-23,16990.35,17027.45,16983.05,17000.95,2448288516,50867.62
06-Nov-23,17105.35,17168.75,17080.95,17159.4,1888871534,50385.92
07-Nov-23,17170.35,17200.6,17120.75,17187.8,2161933407,55190.32
08-Nov-23,17242.65,17269.25,17215,17259.7,2311198748,52663.9
09-Nov-23,17284.95,17288.6,17209.55,17218.9,2149689460,54500.8
10-Nov-23,17189.7,17274.9,17156.85,17256.6,1653303161,44434.13
12-Nov-23,17380.5,17384.15,17347.45,17361.1,423507814,9366.9
13-Nov-23,17335,17339.15,17278.65,17318.6,2274393214,47214.75
15-Nov-23,17493.3,17518.9,17448.3,17508.05,2778710915,66085.59
16-Nov-23,17518.1,17668.65,17486.5,17593.1,2235483100,60516.21
17-Nov-23,17537.45,17649.05,17528.85,17600.5,2971840983,65177.94
20-Nov-23,17618.55,17636.4,17556.1,17573.65,2184315347,53261.67
21-Nov-23,17644.5,17665,17617.2,17627.6,2017502047,53893.62
22-Nov-23,17637.45,17654.6,17533.75,17627.7,1813906486,50322.61
23-Nov-23,17654.15,17693.25,17627.35,17639.4,1688917123,46157.9
24-Nov-23,17661.3,17684.15,17631.75,17643.5,1805574540,50028.66
28-Nov-23,17701.05,17760,17665.65,17741.8,2261317852,68349.7
29-Nov-23,17831.65,17911.35,17823.45,17904.1,2241817064,68699.54
30-Nov-23,17926.9,18007.1,17845.9,17987.95,4614591479,141775.52
01-Dec-23,18061.8,18141.65,18053.15,18115.35,2478995615,70682.1
04-Dec-23,18422.35,18460,18315.45,18448.5,2947847326,89423.27
05-Dec-23,18541.3,18594.9,18453.65,18588.55,2852499711,99089.02
06-Dec-23,18677.25,18698.8,18594.4,18680,2728852975,99042.58
07-Dec-23,18696.75,18721.8,18619.75,18703.85,3279304093,86782.62
08-Dec-23,18752.25,18785.7,18588.15,18703.5,3554184078,86470.2
11-Dec-23,18726.35,18780.45,18710.15,18770.2,2910989447,68536.32
12-Dec-23,18809.9,18819.7,18635.35,18686.8,3315087208,81740.86
13-Dec-23,18723.7,18770.45,18601.5,18751.45,2980092766,79276.42
14-Dec-23,18906.4,18996.25,18893.75,18973.85,3964129612,96792.22
15-Dec-23,19071.95,19165.1,19020.55,19145.05,4026704862,117872.96
18-Dec-23,19149.15,19201.55,19073.1,19155.55,3411920888,79518.43
19-Dec-23,19212.55,19213.55,19067.2,19169.25,2952375691,75654.45
20-Dec-23,19264.4,19303.6,18727.1,18779.45,3869597352,99263.78
21-Dec-23,18647.85,18965.8,18582.95,18941.8,3061270761,79673.35
22-Dec-23,19011.25,19089.95,18934.75,19054.7,2606959003,77390.14
26-Dec-23,19095,19173.8,19059.4,19148.85,2213219034,63557.78
27-Dec-23,19219.4,19312.3,19189.8,19296.95,2085419501,68619.25
28-Dec-23,19358.35,19414.55,19313.1,19399.25,3239142768,94768.89
29-Dec-23,19394.5,19450.1,19338.35,19429.15,4243091822,77533.14
01-Jan-24,19452,19543.25,19421.4,19469.5,4273809028,60076.1
02-Jan-24,19496.8,19499.8,19271.65,19418.4,4059853716,79033.69
03-Jan-24,19434.3,19442.2,19343.15,19367.15,3635617196,89160.29
04-Jan-24,19451.8,19560.4,19433.5,19541.25,3245962827,86566.76
05-Jan-24,19602.1,19637.1,19490.95,19590.6,4034291513,84305.85
08-Jan-24,19636,19641.85,19400.6,19417.7,3520353326,71596.21
09-Jan-24,19549.5,19596.05,19439.1,19459.55,3705251182,78111.54
10-Jan-24,19463.55,19532.3,19354.1,19517.85,3610340175,76940.03
11-Jan-24,19589.75,19626.5,19532.3,19584.35,3371837116,86986.99
12-Jan-24,19691.25,19775.9,19635.75,19745.6,3100892069,82099.63
15-Jan-24,19876.5,19896.9,19763.8,19885.55,3512187451,89288.93
16-Jan-24,19894.3,19923.3,19736.2,19827.55,4145482638,90809.71
17-Jan-24,19556.4,19707.7,19470.05,19487.6,4149072235,113037.2
18-Jan-24,19388.4,19468.65,19143.5,19414.8,3717795537,108160.18
19-Jan-24,19555.95,19618.95,19537.15,19606.4,3753878164,105683.09
20-Jan-24,19698.05,19718.7,19582.7,19601.9,2821864028,62455.26
23-Jan-24,19743.5,19752.35,19158.75,19206.45,4475897232,128235.15
24-Jan-24,19193.15,19470.65,19080.5,19451,4176942034,114544.84
25-Jan-24,19479.65,19480.05,19289.8,19393,3856348755,103141.17
29-Jan-24,19475.4,19728.9,19470.05,19711.65,4154042820,105121.69
30-Jan-24,19770.25,19799.25,19558.8,19574.2,3966481815,100165.28
31-Jan-24,19574.15,19813.3,19546.4,19802.1,3599205173,110977.19
01-Feb-24,19869.95,19871.25,19703.75,19777.35,4212849660,110020.12
02-Feb-24,19884.65,20101.15,19874.8,19910.8,4994601659,120291.38
05-Feb-24,19989.65,20044,19805.75,19853.5,5177876323,118400.66
06-Feb-24,19923.2,20044.45,19824.85,20033.75,4596296924,105088.71
07-Feb-24,20157.2,20169.9,20011.45,20109.55,5801825929,108796.17
08-Feb-24,20207.55,20209.05,19949.35,19987.55,5597797457,119789.95
09-Feb-24,20015,20040.65,19745.45,19961.5,5412695770,110374.63
12-Feb-24,19999.95,20015,19634.6,19675.2,4040115250,91773.54
13-Feb-24,19709.8,19796.05,19508.75,19782.9,3926875602,91666.37
14-Feb-24,19618.1,19943.75,19579.2,19922.3,3452437005,87507.5
15-Feb-24,20011.7,20065.75,19952,20037,3540691571,91556.47
16-Feb-24,20136.85,20191.45,20098.1,20164.9,3105922137,91973.05
19-Feb-24,20244.25,20301,20174.9,20241.1,2713245919,74599.91
20-Feb-24,20242.65,20285.8,20190.7,20271.9,2683283025,74425.12
21-Feb-24,20329.1,20342.3,20077.8,20128.3,3136444838,86306.49
22-Feb-24,20179.25,20308.9,20004.1,20283.95,3174385969,84508.49
23-Feb-24,20358.7,20365.65,20280.15,20313.5,3983558577,78092.47
26-Feb-24,20299.5,20335.75,20210.35,20255.8,2815086345,76613.73
27-Feb-24,20249.25,20329.1,20234.95,20292.85,2851273258,76605.74
28-Feb-24,20323.5,20335.65,19987.35,20020.4,3851285308,74635.61
29-Feb-24,20009.25,20160.05,19901.3,20090.05,4894873194,124271.9
01-Mar-24,20171.9,20360.2,20171,20349.8,2820281398,76738.17
02-Mar-24,20419.55,20446.8,20400.2,20421.35,330593970,7178.36
04-Mar-24,20456.75,20482.6,20383.15,20432.05,2541255009,76988.92
05-Mar-24,20422.3,20440.4,20328,20382,2710700780,80676.39
06-Mar-24,20368.75,20396.75,20139.35,20379.55,3554791973,94014.01
07-Mar-24,20413.65,20471.35,20384.5,20434.8,2434632338,85903.83
11-Mar-24,20478.75,20483.25,20264.3,20288.75,2281677013,82495.73
12-Mar-24,20299.8,20326.25,20135.3,20171.4,2434739081,79139.39
13-Mar-24,20236.8,20247.9,19549.5,19646.3,4148627793,107048.85
14-Mar-24,19598.4,19933.9,19514.7,19916.35,3824939304,96244.45
15-Mar-24,19867.75,19942.4,19671.15,19825.2,4157462068,132264.41
18-Mar-24,19804.3,19894.45,19709.2,19843.1,2242834968,66746.76
19-Mar-24,19785.8,19798.95,19594.1,19610.55,2128705768,71161.63
20-Mar-24,19651.7,19697.45,19465.85,19632.05,2152097367,68958.06
21-Mar-24,19790.85,19916.45,19790.85,19897.4,2205653557,76590.32
22-Mar-24,19855,20048.6,19806.7,19994.6,2601583232,82714.83
26-Mar-24,19895.55,20044.5,19895.3,20005.25,2342846315,85602
27-Mar-24,20063,20174.4,20063,20087.8,2821929372,103173.45
28-Mar-24,20150.35,20380.5,20146.15,20255.15,2575769543,97361.83
01-Apr-24,20392.25,20504.5,20387.05,20492.55,2475632979,72401.41
02-Apr-24,20524.15,20579.25,20481.85,20569.75,2812872047,87897.71
03-Apr-24,20528.2,20657.9,20496.55,20605.7,3025872167,92609.31
04-Apr-24,20755.35,20772.4,20537.5,20664.65,3312184626,98495.58
05-Apr-24,20654.75,20730.15,20609.9,20715.1,2829767180,79052.8
08-Apr-24,20806.85,20866.1,20768.5,20819.1,2748152839,80224.14
09-Apr-24,20912.75,20912.75,20741.5,20790.7,2279238895,76364.21
10-Apr-24,20864.55,20933.85,20822.85,20915.2,2571945247,83783.98
12-Apr-24,20873.2,20931.4,20735.15,20745.5,3259737705,97394.58
15-Apr-24,20493.3,20623.8,20362.3,20478.75,3195278629,90401.72
16-Apr-24,20361.25,20495.2,20326.25,20423,3114112312,81797.75
18-Apr-24,20515.15,20617.1,20291.15,20324.7,2963633771,103634.55
19-Apr-24,20178.25,20428.4,20038.35,20385.2,2718297027,86751.24
22-Apr-24,20566.2,20604.1,20468.1,20574.85,3699079354,81191.06
23-Apr-24,20687.9,20689.75,20621.55,20652.65,4892633578,88793.07
24-Apr-24,20723.2,20772.55,20710.2,20730.65,3698431475,87223.7
25-Apr-24,20690.85,20894,20686.7,20867.9,10777793802,125273.79
26-Apr-24,20926.4,20941.1,20814.5,20839.35,6609930870,109448.9
29-Apr-24,20911.1,21002.1,20847.85,20992.2,4106537293,96302.96
30-Apr-24,21052.35,21146.5,20971.85,20997.2,3682351577,109836.16
02-May-24,21010.45,21126.1,21009.35,21083.6,3285590029,108573.37
03-May-24,21193.45,21208.7,20830.65,20959.55,4063049939,112184.67
06-May-24,21044.1,21048.95,20805.05,20864.95,3088823169,97036.97
07-May-24,20911.35,20914.9,20548.8,20636.05,3745388966,95890.22
08-May-24,20586.8,20768.75,20516.25,20704.9,2700523845,88523.68
09-May-24,20681.1,20736.25,20318.9,20344.8,2629593512,91329.06
10-May-24,20398,20482.05,20299.1,20469.1,2251112716,79364.4
13-May-24,20471.65,20540.25,20184.1,20511,2403861861,85965.27
14-May-24,20544.35,20709.75,20508,20683.8,2613657232,79803.89
15-May-24,20744.5,20811.25,20681.9,20741.85,2168807435,81656.93
16-May-24,20846.85,20950.55,20667.8,20929.05,2468004009,103907.51
17-May-24,20967.4,21078.65,20934.45,21064.55,2674258575,96906.48
18-May-24,21131.45,21156.45,21115.8,21144.45,483020847,12574.04
21-May-24,21114.65,21224.7,21068.85,21187.65,3541801901,115825.38
22-May-24,21255.2,21261.75,21103.2,21237.75,2968295743,105849.26
23-May-24,21280.05,21505.25,21249.15,21489.55,3429637350,114341.98
24-May-24,21483,21567.45,21444.95,21483.75,5235852004,107458.5
27-May-24,21573.8,21613.6,21439.15,21493,3597182686,106954.74
28-May-24,21542.5,21558.15,21345.35,21387.35,2846079137,89454.19
29-May-24,21288.35,21356.15,21243.2,21256.3,2528100147,91266.7
30-May-24,21201.8,21262.85,20983.95,21038.55,3528931646,97427.6
31-May-24,21129.35,21177.25,21003,21103.3,6422818788,213728.22
03-Jun-24,21926.6,21926.6,21629.3,21797.4,5205916071,156327.17
04-Jun-24,21753.35,21753.35,19624.25,20323.85,9292932794,248672.5
05-Jun-24,20570.75,21092.15,20116.6,21054.4,5521353106,170873.25
06-Jun-24,21253.7,21462.8,21193.2,21365,3836693455,134855.08
07-Jun-24,21390.2,21781.35,21333.5,21764.15,3728221614,120219.92
10-Jun-24,21844.3,21930.5,21758.3,21808.25,3708562255,109053.82
11-Jun-24,21856.35,21961.45,21782.35,21852,4474509649,104641.13
12-Jun-24,21935.2,22023.9,21904.7,21960.95,3547255322,98659.3
13-Jun-24,22120.75,22120.8,21992.15,22074.3,3119002321,102258.9
14-Jun-24,22148.25,22229.4,22054.15,22214.3,3423138435,112045.87
18-Jun-24,22323.55,22338.15,22253.35,22329.6,3239115179,116214.66
19-Jun-24,22406.3,22406.3,22127.25,22224.9,5221059451,149474.24
20-Jun-24,22293.55,22333.6,22182.2,22305.1,3470265929,114522.78
21-Jun-24,22392.6,22393.3,22186.2,22236.2,4820720134,162583.96
24-Jun-24,22150.65,22309.1,22073.65,22289.1,3220275933,96231.89
25-Jun-24,22349.75,22391.75,22287.1,22370.65,2647422434,105741.46
26-Jun-24,22379.5,22464.85,22309.5,22436.8,3830080666,114503.7
27-Jun-24,22459.9,22571.65,22395.9,22537.4,4298989006,155149.73
28-Jun-24,22592.25,22673.65,22537.7,22559.7,4300793170,123991.5
01-Jul-24,22580.4,22739.7,22570.4,22727.6,2754975054,97456.03
02-Jul-24,22806.3,22810.65,22592.2,22677.8,2902278584,106526.3
03-Jul-24,22820.55,22871.65,22764.1,22851.2,3147581494,110885.82
04-Jul-24,22937.6,22962.8,22866.7,22914.2,3070438123,114643.47
05-Jul-24,22878.5,23011.8,22838.2,22987.65,4125904647,131122.41
08-Jul-24,23029.35,23040.75,22897.95,22971.15,3703429691,118678.05
09-Jul-24,23035.05,23082.35,22974.95,23067.35,3256181171,112640.57
10-Jul-24,23124.15,23125.3,22685.65,22977.65,3295884251,121820.31
11-Jul-24,23059.95,23063.1,22904.3,23005.25,3376625661,110931.44
12-Jul-24,23086.25,23189.4,23021.4,23095.45,3536966325,126058.83
15-Jul-24,23188.8,23234.3,23081.3,23209.85,3431429146,106499.98
16-Jul-24,23258.2,23288.05,23181.35,23204.25,3433520204,102333.73
18-Jul-24,23167.65,23233.85,22993.55,23210.05,3562225671,126185.06
19-Jul-24,23232.5,23232.5,22833,22853.6,,
22-Jul-24,22761.5,23001.05,22667.75,22942.65,2960904216,103721.69
23-Jul-24,23022.8,23031.95,22307.2,22865.2,4563155207,143700.82
24-Jul-24,22856.85,22965.45,22816.75,22921.45,3151242673,114587.79
25-Jul-24,22753.2,22938.65,22732.2,22917.25,3443944857,107011.78
26-Jul-24,22970.4,23306.75,22965.5,23292.05,3452517187,114650.17
29-Jul-24,23423.15,23496.4,23326.05,23394.2,3610725502,124532.15
30-Jul-24,23421.2,23530,23381.35,23440.9,2998713350,114773.88
31-Jul-24,23495.85,23556,23459.6,23530.8,3214906956,115546.38
01-Aug-24,23608.85,23637.75,23429.55,23506.6,2921486076,114938.16
02-Aug-24,23296.1,23395.1,23225.65,23259.45,3092360383,109545.58
05-Aug-24,22772.55,22868.35,22397.7,22542.45,4019339380,132508.88
06-Aug-24,22696.95,22910.75,22406.05,22443.3,2700060868,101902.9
07-Aug-24,22773.45,22870.85,22650.8,22848.9,2459162870,98150.12
08-Aug-24,22842,22905.6,22676,22705.7,2438259599,93748.32
09-Aug-24,22948.15,22982.45,22869.4,22923.5,2111890945,85627.96
12-Aug-24,22862.9,22993.25,22753.75,22915.85,2532426776,101038.89
13-Aug-24,22952.7,22962.75,22684.45,22705.8,2758250421,90869.5
14-Aug-24,22765.65,22778.95,22599.95,22672.65,2357617612,89103.13
16-Aug-24,22846.1,23071.75,22750.3,23056.5,2045485207,87751.98
19-Aug-24,23174.2,23195.6,23104.1,23139.75,2133712110,83551.83
20-Aug-24,23223.6,23292.7,23175.4,23280.35,2172698945,91984.43
21-Aug-24,23283.75,23383.2,23256.25,23368.65,2234069180,93309.89
22-Aug-24,23467.15,23474.85,23408.95,23440.7,2186317143,86131.17
23-Aug-24,23485.3,23496.85,23401,23418.65,2341184147,88272.3
26-Aug-24,23514.3,23579.75,23466.75,23561.75,1999428422,84409.69
27-Aug-24,23592,23633.2,23555.55,23604.85,2213030254,92519.08
28-Aug-24,23646.8,23679.35,23547.25,23615.95,2448862548,94965.44
29-Aug-24,23618.25,23664.35,23494.45,23631.4,2980429915,111782.88
30-Aug-24,23728.55,23766.4,23673.95,23734.55,7015024989,201988.8
02-Sep-24,23835.2,23835.2,23693.65,23760.7,2522873739,90696.23
03-Sep-24,23817,23817.55,23771.2,23788.45,1814621556,88512.76
04-Sep-24,23611.8,23761.4,23605.35,23748.9,2062019952,91617.99
05-Sep-24,23821,23836.35,23749.05,23762.8,2318080383,94673.92
06-Sep-24,23746,23794.35,23434.9,23477.7,3870422486,99765.62
09-Sep-24,23452.85,23526.55,23294.45,23502.15,2364876855,80491.4
10-Sep-24,23591.85,23712.95,23531.65,23643.65,2226529458,84208.02
11-Sep-24,23665.1,23723.05,23498.15,23531.25,2309011533,86084.68
12-Sep-24,23680,23934.6,23593.6,23907.35,2374006513,102775.67
13-Sep-24,23966.5,23966.55,23885.2,23928.2,2057818279,88109.1
16-Sep-24,24006.15,24026,23917.5,23968.2,1720978022,75190.68
17-Sep-24,24008.25,24008.25,23912.55,23969.9,1618088090,79337.24
18-Sep-24,23972.55,24000.3,23800.85,23898.65,1856462658,88608.17
19-Sep-24,24012.3,24078,23702,23853.95,4513809169,108259.7
20-Sep-24,23956.55,24243.15,23885,24193.8,4237233135,162861.62
23-Sep-24,24294.8,24393.7,24262.3,24379.2,3569097464,90361.54
24-Sep-24,24390.05,24429,24353.75,24389.7,2602542342,100743.32
25-Sep-24,24377.25,24394.35,24268.5,24371.25,2928160510,89318.49
26-Sep-24,24399.15,24512.65,24338.4,24496.9,3099807700,105347.02
27-Sep-24,24529.55,24573.4,24469,24489.55,4199366008,151284.67
30-Sep-24,24410,24456.1,24217.4,24245.2,2690608118,96995.96
01-Oct-24,24248.5,24329.45,24191.05,24271.3,2211681794,86328.1
03-Oct-24,23931.85,24122,23713,23755.45,2732058322,114404.32
04-Oct-24,23704.95,23920.3,23483.4,23534.95,2622309213,106632.93
07-Oct-24,23616.35,23659.65,23089.5,23181.95,3037545470,105984.35
08-Oct-24,23175.2,23544.8,23106.5,23512.55,2563108857,95599.39
09-Oct-24,23600.1,23797.45,23570.7,23599.6,2589085946,91189.16
10-Oct-24,23695.55,23755.5,23580.6,23598.15,1943103410,79363.58
11-Oct-24,23608.3,23654,23546.3,23611.25,1712190043,68578.58
14-Oct-24,23670.5,23740.2,23646.1,23727.05,1676332100,74760.69
15-Oct-24,23800.4,23814.95,23662.3,23735.7,1778922793,88090.24
16-Oct-24,23702.85,23768.15,23588.8,23673.15,1737703457,86884.17
17-Oct-24,23717.3,23720.15,23366,23377,1780702201,85083.66
18-Oct-24,23285.65,23471.2,23120.95,23440.7,1947586692,89960.3
21-Oct-24,23527.6,23559.05,23224.55,23263.25,2016616287,88345.63
22-Oct-24,23277.1,23306.2,22789.7,22814.45,2416812435,92104.35
23-Oct-24,22751.8,22989.05,22673.3,22841.1,2606193932,101645.37
24-Oct-24,22841.85,22893.2,22747.55,22787.85,1953145108,85393.51
25-Oct-24,22819.8,22839.2,22362.8,22499.05,2616776174,99887.62
28-Oct-24,22548.7,22756.05,22407,22649.95,2909277907,85887.5
29-Oct-24,22670.8,22808.8,22450,22795.05,2319438664,88450.81
30-Oct-24,22731.15,22896.55,22685.4,22749.8,2785443346,86789.95
31-Oct-24,22758.6,22779.5,22621.1,22689.35,2436293245,84164.71
01-Nov-24,22806.95,22881.5,22799.7,22823.55,604294357,12277.86
04-Nov-24,22831.8,22832.65,22362.65,22518.3,2259440861,77527.65
05-Nov-24,22458.3,22697.5,22343.95,22679.85,2143415568,79524.43
06-Nov-24,22782.2,23052.2,22720.3,23031.2,2157801128,93211.09
07-Nov-24,23067.15,23073.55,22793.9,22806.25,2035081331,81688.72
08-Nov-24,22821.9,22857.1,22600.25,22645.65,1920361687,78851.05
11-Nov-24,22590.1,22770.55,22478.7,22591.4,2005949849,75358.51
12-Nov-24,22664.2,22721.9,22286.85,22331.05,1712810126,74130.26
13-Nov-24,22263,22309.8,21867.7,21914.95,2325673237,80157.71
14-Nov-24,21924.1,22096.85,21907.55,21963.1,1908216519,69309.12
18-Nov-24,22045.9,22049.15,21787.35,21899.4,2056423917,72346.34
19-Nov-24,21977.65,22233.4,21948.45,22004.35,1903367229,75183.79
21-Nov-24,21947.75,21954.2,21692.8,21820.85,2635349322,96793.16
22-Nov-24,21864.65,22260.15,21819.2,22225.55,2304966991,89091.23
25-Nov-24,22578.65,22676.25,22510.8,22553.5,3706202446,182791.37
26-Nov-24,22649.3,22675.7,22523,22562.45,3250965273,72749.91
27-Nov-24,22594.2,22732.1,22526.1,22691.7,2776573123,84909.22
28-Nov-24,22722.3,22821.75,22472.25,22514.35,3030092426,97443.69
29-Nov-24,22537.8,22733.75,22531.9,22687,2465622501,90461.85
02-Dec-24,22695.4,22843.5,22603.1,22835.85,1825538366,75564.34
03-Dec-24,22922.6,23029.55,22876.8,23020.85,2165915852,92787.24
04-Dec-24,23075.95,23149.9,22978.85,23099.5,2697699131,96896.28
05-Dec-24,23183.3,23357.1,22993.85,23277.95,2790264387,106834.18
06-Dec-24,23315.8,23358.2,23221.7,23312.1,2469668946,86937.83
09-Dec-24,23289.4,23351.9,23243.3,23292,2282186938,86346.5
10-Dec-24,23328.8,23341.35,23216.25,23314.9,2173155909,84799.34
11-Dec-24,23326.7,23394.2,23301.15,23358.15,1761306475,75065
12-Dec-24,23348.7,23386.25,23242.75,23256.4,1963209989,84700.88
13-Dec-24,23208.35,23378.55,22879.9,23358.95,2151843025,80301.36
16-Dec-24,23370.55,23417.65,23281.2,23352.45,1488975457,64440.04
17-Dec-24,23308.9,23349.1,23067.3,23095.75,1921176266,79699.24
18-Dec-24,23076.95,23125.55,22876.7,22934.4,1780752519,70983.5
19-Dec-24,22594.95,22782.25,22590,22752.15,1720143973,74519.64
20-Dec-24,22783.65,22855,22279.9,22319.4,2584107814,114178.99
23-Dec-24,22446.6,22535.2,22331.5,22412.3,1584015483,63815.84
24-Dec-24,22431.6,22516.3,22340.1,22402.7,1350037710,56774.11
26-Dec-24,22444.7,22492.3,22324.6,22430.35,1419955128,57601.32
27-Dec-24,22473.9,22555.45,22435.55,22445.2,1166539839,51659.64
30-Dec-24,22438.15,22522.4,22266.15,22357.15,3003129328,116256.51
31-Dec-24,22273.7,22414.45,22160.15,22375.4,2070388244,65766.62
01-Jan-25,22375.85,22518.7,22313.75,22481.8,1465981308,50616.41
02-Jan-25,22521.75,22833.35,22482.7,22819.75,1852520138,78675.96
03-Jan-25,22850.1,22867.85,22681.3,22708.15,2201040539,84133.21
06-Jan-25,22753.65,22757.4,22163.55,22225.4,2496146978,82019.96
07-Jan-25,22278.15,22435.5,22247.75,22341.65,1929425895,72154.98
08-Jan-25,22378.15,22384.25,22065.2,22231.8,1902319266,76539.77
09-Jan-25,22231.05,22239.2,22028.5,22046.55,1693951738,73913.6
10-Jan-25,22049.4,22075.4,21738.45,21799,1974619405,76750.74
13-Jan-25,21557,21630.55,21194.45,21243.45,2611797029,85830.68
14-Jan-25,21328,21528.7,21325,21481.05,2545307871,87165.76
15-Jan-25,21572.45,21634.6,21445.4,21551.2,3094230055,76898.66
16-Jan-25,21734.4,21776.35,21687.45,21714.55,2235654527,80228.57
17-Jan-25,21699.45,21730.85,21563.8,21680.25,2014077348,71767.08
20-Jan-25,21769.95,21848.95,21628.5,21809,3505128648,75435.38
21-Jan-25,21855.1,21863.05,21411.3,21433.2,2331964835,84227.35
22-Jan-25,21484.45,21500.3,21178.8,21396.55,2088412411,80124.79
23-Jan-25,21377.8,21595,21338.95,21538.05,1837372936,78714.56
24-Jan-25,21533.05,21611.2,21279,21318.9,1753481328,74877.37
27-Jan-25,21158.85,21163,20861.15,20910.95,2304552604,77938.55
28-Jan-25,21009.2,21100.45,20757.9,20924.75,2493193415,95131.14
29-Jan-25,20971.4,21259.85,20968.35,21245.5,1881173467,74954.43
30-Jan-25,21282.1,21404.2,21209.6,21297.5,2020386854,89384.33
31-Jan-25,21339.35,21613,21310.3,21580.9,,
01-Feb-25,21628.65,21713.95,21388.2,21581.75,3025726587,87389.5
03-Feb-25,21422.85,21445.95,21286.7,21402.55,2272797887,89782.58
